{"_timestamp":1.7315205488333354e+09,"train/grad_norm":0.11053600907325745,"train/learning_rate":0.00019028999674160967,"_step":59,"train/global_step":600,"_runtime":2981.63294618,"train/loss":0.1012,"train/epoch":0.04887386470085122,"_wandb":{"runtime":3013}}